{
  "openai": [
    {
      "name": "Deepseek",
      "desc": "Deepseek ai",
      "status": "Active",
      "path": "/ai/deepseek?apikey=&text="
    },
    {
      "name": "Openai",
      "desc": "Openai chat",
      "status": "Active",
      "path": "/ai/openai?apikey=&text="
    }, 
    {
      "name": "Gemini",
      "desc": "Gemini ai chat",
      "status": "Active",
      "path": "/ai/gemini?apikey=&text="
    }
  ],
  "orderkuota": [
    {
      "name": "Create Payment",
      "desc": "Create qris payment",
      "status": "Active",
      "path": "/orderkuota/createpayment?apikey=&amount=&codeqr="
    },
    {
      "name": "Cek Status",
      "desc": "Cek status payment",
      "status": "Active",
      "path": "/orderkuota/cekstatus?apikey=&merchant=&keyorkut="
    },
    {
      "name": "Cek Saldo",
      "desc": "To check the balance of the quota order account",
      "status": "Active",
      "path": "/tools/ceksaldo?apikey=&memberID=&pin=&password="
    }
  ],
  "downloader": [
    {
      "name": "Tiktok",
      "desc": "Downloader tiktok",
      "status": "Active",
      "path": "/download/tiktok?apikey=&url="
    },
    {
      "name": "Tiktok V2",
      "desc": "Downloader tiktok v2",
      "status": "Active",
      "path": "/download/tiktok-v2?apikey=&url="
    },
    {
      "name": "Capcut",
      "desc": "Downloader capcut",
      "status": "Active",
      "path": "/download/capcut?apikey=&url="
    },
    {
      "name": "Spotify",
      "desc": "Downloader spotify",
      "status": "Active",
      "path": "/download/spotify?apikey=&url="
    },
    {
      "name": "XNXX",
      "desc": "Downloader xnxx",
      "status": "Active",
      "path": "/download/xnxx?apikey=&url="
    },
    {
      "name": "Instagram",
      "desc": "Downloader instagram",
      "status": "Active",
      "path": "/download/instagram?apikey=&url="
    },
    {
      "name": "Facebook",
      "desc": "Downloader facebook",
      "status": "Active",
      "path": "/download/facebook?apikey=&url="
    },
    {
      "name": "Videy",
      "desc": "Downloader videy",
      "status": "Active",
      "path": "/download/videy?apikey=&url="
    },
    {
      "name": "Ytmp4",
      "desc": "Downloader Youtube mp4",
      "status": "Active",
      "path": "/download/ytmp4?apikey=&url="
    },
    {
      "name": "Ytmp3",
      "desc": "Downloader Youtube mp3",
      "status": "Active",
      "path": "/download/ytmp3?apikey=&url="
    },    
    {
      "name": "Snackvideo",
      "desc": "Downloader snackvideo",
      "status": "Active",
      "path": "/download/snackvideo?apikey=&url="
    },
    {
      "name": "Bstation",
      "desc": "Downloader bstation video",
      "status": "Active",
      "path": "/download/bstation?apikey=&url="
    },    
    {
      "name": "Soundcloud",
      "desc": "Downloader soundcloud song",
      "status": "Active",
      "path": "/download/soundcloud?apikey=&url="
    },        
    {
      "name": "Gitclone",
      "desc": "Downloader gitclone",
      "status": "Active",
      "path": "/download/github?apikey=&url="
    },
    {
      "name": "Likee",
      "desc": "Downloader likee video",
      "status": "Active",
      "path": "/download/likee?apikey=&url="
    },    
    {
      "name": "Twitter",
      "desc": "Downloader twitter",
      "status": "Active",
      "path": "/download/twitter?apikey=&url="
    },    
    {
      "name": "Mediafire",
      "desc": "Downloader mediafire",
      "status": "Active",
      "path": "/download/mediafire?apikey=&url="
    }
  ],
  "random": [
    {
      "name": "Blue Archive",
      "desc": "Random foto blue archive",
      "status": "Active",
      "path": "/random/ba?apikey="
    },
    {
      "name": "Random Waifu",
      "desc": "Random foto waifu",
      "status": "Active",
      "path": "/random/waifu?apikey="
    },
    {
      "name": "Random Nsfw",
      "desc": "Random foto nsfw",
      "status": "Active",
      "path": "/random/nsfw?apikey="
    },
    {
      "name": "Pap Ayang",
      "desc": "Random pap ayang",
      "status": "Active",
      "path": "/random/papayang?apikey="
    },
    {
      "name": "Cek Nomor",
      "desc": "Lacak Lokasi Dan Provider",
      "status": "Active",
      "path": "/random/cek-nomor?apikey=&nomor="
    }
  ],
  "search": [
    {
      "name": "Youtube Search",
      "desc": "Search youtube video",
      "status": "Active",
      "path": "/search/youtube?apikey=&q="
    },
    {
      "name": "Tiktok Search",
      "desc": "Search tiktok video",
      "status": "Active",
      "path": "/search/tiktok?apikey=&q="
    },
    {
      "name": "Npm Search",
      "desc": "Search npm nodejs",
      "status": "Active",
      "path": "/search/npm?apikey=&q="
    },
    {
      "name": "Bingimage",
      "desc": "Search bingimage foto",
      "status": "Active",
      "path": "/search/bingimage?apikey=&q="
    },    
    {
      "name": "Bstation Search",
      "desc": "Bstation video search",
      "status": "Active",
      "path": "/search/bstation-search?apikey=&q="
    },    
    {
      "name": "Pinterest",
      "desc": "Search pinterest foto",
      "status": "Active",
      "path": "/search/pinterest?apikey=&q="
    },
    {
      "name": "Gimage",
      "desc": "Search google image",
      "status": "Active",
      "path": "/search/gimage?apikey=&q="
    },    
    {
      "name": "Spotify Search",
      "desc": "Search spotify music",
      "status": "Active",
      "path": "/search/spotify?apikey=&q="
    },    
    {
      "name": "Playstore",
      "desc": "Search playstore apk",
      "status": "Active",
      "path": "/search/playstore?apikey=&q="
    },
    {
      "name": "Happymod",
      "desc": "Search happymod apk",
      "status": "Active",
      "path": "/search/happymod?apikey=&q="
    },
    {
      "name": "XNXX Search",
      "desc": "Search xnxx video",
      "status": "Active",
      "path": "/search/xnxx?apikey=&q="
    }
  ],
  "tools": [
    {
      "name": "Text-to-speech",
      "desc": "Tts anime character",
      "status": "Active",
      "path": "/tools/text-to-speech?apikey=&text="
    },
    {
      "name": "Screenshot Web",
      "desc": "Screenshot web url",
      "status": "Active",
      "path": "/tools/ssweb?apikey=&url="
    },
    {
      "name": "Emoji To Gif",
      "desc": "Convert emoji to gif",
      "status": "Active",
      "path": "/tools/emojitogif?apikey=&emoji="
    },
    {
      "name": "IP Lookup",
      "desc": "Lookup domain of ip address",
      "status": "Active",
      "path": "/tools/iplookup?apikey=&q="
    },    
    {
      "name": "Whois",
      "desc": "Get dns record information",
      "status": "Active",
      "path": "/tools/whois?apikey=&dns="
    },        
    {
      "name": "Shorturl tinyurl",
      "desc": "Shortner url tinyurl.com",
      "status": "Active",
      "path": "/tools/tinyurl?apikey=&url="
    },            
    {
      "name": "Whoip",
      "desc": "Get ip address information",
      "status": "Active",
      "path": "/tools/whoip?apikey=&ip="
    },            
    {
      "name": "Emoji Mix",
      "desc": "Emoji mix converter",
      "status": "Active",
      "path": "/tools/emojimix?apikey=&emoji1=&emoji2="
    },
    {
      "name": "Cek Gempa",
      "desc": "Displaying the latest earthquake information",
      "status": "Active",
      "path": "/tools/cekgempa?apikey="
    },
    {
      "name": "Cek Cuaca",
      "desc": "Check weather information for a city",
      "status": "Active",
      "path": "/tools/cekcuaca?apikey=&kota="
    },
    {
      "name": "Cek Kode Pos",
      "desc": "Chek Postal code in your city",
      "status": "Active",
      "path": "/tools/cekkodepos?apikey=&q="
    },
    {
      "name": "Jadwal sholat",
      "desc": "Chek prayer times in your area!",
      "status": "Active",
      "path": "/tools/jadwalsholat?apikey=&kota="
    },
    {
      "name": "Convert Uang",
      "desc": "Convert money to other currencies!",
      "status": "Active",
      "path": "/tools/convert-uang?apikey=&from=&to=&amount="
    }
  ],
  "stalker": [
    {
      "name": "Instagram Stalk",
      "desc": "Stalk instagram account",
      "status": "Active",
      "path": "/stalk/instagram?apikey=&username="
    },
    {
      "name": "Telegram Stalk",
      "desc": "Stalk telegram account",
      "status": "Active",
      "path": "/stalk/telegram?apikey=&username="
    },    
    {
      "name": "Youtube Stalk",
      "desc": "Stalk youtube account",
      "status": "Active",
      "path": "/stalk/youtube?apikey=&username="
    },        
    {
      "name": "Tiktok Stalk",
      "desc": "Stalk tiktok account",
      "status": "Active",
      "path": "/stalk/tiktok?apikey=&username="
    },
    {
      "name": "Github Stalk",
      "desc": "Stalk github account",
      "status": "Active",
      "path": "/stalk/github?apikey=&username="
    },    
    {
      "name": "Npm Stalk",
      "desc": "Stalk npm package",
      "status": "Active",
      "path": "/stalk/npm?apikey=&name="
    },
    {
      "name": "FF Stalk",
      "desc": "Stalk free fire account",
      "status": "Active",
      "path": "/stalk/ff?apikey=&id="
    }
  ],
  "creator": [
    {
      "name": "Remini",
      "desc": "Remini image",
      "status": "Active",
      "path": "/imagecreator/remini?apikey=&url="
    },
    {
      "name": "Removebg",
      "desc": "Remove background image",
      "status": "Active",
      "path": "/imagecreator/removebg?apikey=&url="
    },
    {
      "name": "Upscale",
      "desc": "Upscale image",
      "status": "Active",
      "path": "/imagecreator/upscale?apikey=&url="
    },
    {
      "name": "Colorize",
      "desc": "Colorize image",
      "status": "Active",
      "path": "/imagecreator/colorize?apikey=&url="
    },
    {
      "name": "Brat",
      "desc": "Brat text generator",
      "status": "Active",
      "path": "/imagecreator/brat?apikey=&text="
    }, 
    {
      "name": "Brat Video",
      "desc": "Brat animated text generator",
      "status": "Active",
      "path": "/imagecreator/bratvideo?apikey=&text="
    },
    {
      "name": "Nulis Buku",
      "desc": "To write text in a book",
      "status": "Active",
      "path": "/imagecreator/nulis?apikey=&text=&name=&class="
    },
    {
      "name": "To Hijab",
      "desc": "Make a photo wearing a hijab",
      "status": "Active",
      "path": "/imagecreator/to-hijab?apikey=&imageUrl="
    },
    {
      "name": "Text To Ghibli",
      "desc": "Generete Ghibli with text",
      "status": "Active",
      "path": "/imagecreator/text2ghibli?apikey=&text="
    },
    {
      "name": "Text To Anime",
      "desc": "Generete Anime with text",
      "status": "Active",
      "path": "/imagecreator/text2anime?apikey=&text=&ratio="
    }
  ],
  "api": [
    {
      "name": "Status Api",
      "desc": "",
      "status": "Active",
      "path": "/api/status"
    }
  ]
}
